/*
Navicat MySQL Data Transfer

Source Server         : 128
Source Server Version : 50644
Source Host           : 192.168.200.128:3306
Source Database       : openmall_system

Target Server Type    : MYSQL
Target Server Version : 50644
File Encoding         : 65001

Date: 2019-07-01 16:11:16
*/

CREATE DATABASE  IF NOT EXISTS `openmall_system`  DEFAULT CHARACTER SET utf8;

USE `openmall_system`;
SET FOREIGN_KEY_CHECKS=0;

-- ----------------------------
-- Table structure for tb_admin
-- ----------------------------
DROP TABLE IF EXISTS `tb_admin`;
CREATE TABLE `tb_admin` (
  `id` int(11) NOT NULL AUTO_INCREMENT,
  `login_name` varchar(20) DEFAULT NULL COMMENT '用户名',
  `password` varchar(60) DEFAULT NULL COMMENT '密码',
  `status` char(1) DEFAULT NULL COMMENT '状态',
  PRIMARY KEY (`id`)
) ENGINE=InnoDB AUTO_INCREMENT=3 DEFAULT CHARSET=utf8;

-- ----------------------------
-- Records of tb_admin
-- ----------------------------
INSERT INTO `tb_admin` VALUES ('1', 'admin', '$2a$10$61ogZY7EXsMDWeVGQpDq3OBF1.phaUu7.xrwLyWFTOu8woE08zMIW', '1');
INSERT INTO `tb_admin` VALUES ('2', 'test', '$2a$10$61ogZY7EXsMDWeVGQpDq3OBF1.phaUu7.xrwLyWFTOu8woE08zMIW', '1');

-- ----------------------------
-- Table structure for tb_admin_role
-- ----------------------------
DROP TABLE IF EXISTS `tb_admin_role`;
CREATE TABLE `tb_admin_role` (
  `admin_id` int(11) NOT NULL COMMENT '管理员ID',
  `role_id` int(11) NOT NULL COMMENT '角色ID',
  PRIMARY KEY (`admin_id`,`role_id`)
) ENGINE=InnoDB DEFAULT CHARSET=utf8;

-- ----------------------------
-- Records of tb_admin_role
-- ----------------------------
INSERT INTO `tb_admin_role` VALUES ('1', '3');
INSERT INTO `tb_admin_role` VALUES ('2', '2');

-- ----------------------------
-- Table structure for tb_login_log
-- ----------------------------
DROP TABLE IF EXISTS `tb_login_log`;
CREATE TABLE `tb_login_log` (
  `id` int(11) NOT NULL AUTO_INCREMENT,
  `login_name` varchar(20) DEFAULT NULL,
  `ip` varchar(33) DEFAULT NULL,
  `browser_name` varchar(33) DEFAULT NULL,
  `location` varchar(33) DEFAULT NULL COMMENT '地区',
  `login_time` datetime NOT NULL COMMENT '登录时间',
  PRIMARY KEY (`id`)
) ENGINE=InnoDB AUTO_INCREMENT=48 DEFAULT CHARSET=utf8;

-- ----------------------------
-- Records of tb_login_log
-- ----------------------------
INSERT INTO `tb_login_log` VALUES ('42', 'admin', '0:0:0:0:0:0:0:1', 'webkit', null, '2019-02-22 18:29:10');
INSERT INTO `tb_login_log` VALUES ('43', 'admin', '0:0:0:0:0:0:0:1', 'webkit', null, '2019-02-22 18:30:22');
INSERT INTO `tb_login_log` VALUES ('44', 'admin', '0:0:0:0:0:0:0:1', 'webkit', null, '2019-02-22 18:30:31');
INSERT INTO `tb_login_log` VALUES ('45', 'admin', '0:0:0:0:0:0:0:1', 'webkit', '本地', '2019-02-22 18:45:45');
INSERT INTO `tb_login_log` VALUES ('46', 'admin', '0:0:0:0:0:0:0:1', 'webkit', '本地', '2019-02-28 17:51:23');
INSERT INTO `tb_login_log` VALUES ('47', 'admin', '0:0:0:0:0:0:0:1', 'webkit', '本地', '2019-02-28 17:51:23');

-- ----------------------------
-- Table structure for tb_menu
-- ----------------------------
DROP TABLE IF EXISTS `tb_menu`;
CREATE TABLE `tb_menu` (
  `id` varchar(10) NOT NULL COMMENT '菜单ID',
  `name` varchar(50) DEFAULT NULL COMMENT '菜单名称',
  `icon` varchar(50) DEFAULT NULL COMMENT '图标',
  `url` varchar(50) DEFAULT NULL COMMENT 'URL',
  `parent_id` varchar(10) DEFAULT NULL COMMENT '上级菜单ID',
  PRIMARY KEY (`id`)
) ENGINE=InnoDB DEFAULT CHARSET=utf8;

-- ----------------------------
-- Records of tb_menu
-- ----------------------------
INSERT INTO `tb_menu` VALUES ('1', '首页', 'iconHome', null, '0');
INSERT INTO `tb_menu` VALUES ('2', '商品', 'iconCommodity', null, '0');
INSERT INTO `tb_menu` VALUES ('2-1', '商品管理', 'iconSp', null, '2');
INSERT INTO `tb_menu` VALUES ('2-1-1', '商品列表', null, 'goods/goods.html', '2-1');
INSERT INTO `tb_menu` VALUES ('2-1-2', '添加商品', null, 'goods/goods_edit.html', '2-1');
INSERT INTO `tb_menu` VALUES ('2-1-3', '商品审核', null, 'goods/goods_audit.html', '2-1');
INSERT INTO `tb_menu` VALUES ('2-2', '商品配置', 'iconSeting', null, '2');
INSERT INTO `tb_menu` VALUES ('2-2-1', '商品分类', null, 'goods/category.html', '2-2');
INSERT INTO `tb_menu` VALUES ('2-2-2', '规格参数', null, 'goods/template.html', '2-2');
INSERT INTO `tb_menu` VALUES ('2-2-3', '品牌管理', null, 'goods/brand.html', '2-2');
INSERT INTO `tb_menu` VALUES ('2-2-4', '图片库管理', null, 'goods/album.html', '2-2');
INSERT INTO `tb_menu` VALUES ('3', '订单', 'iconOrder', null, '0');
INSERT INTO `tb_menu` VALUES ('3-1', '订单管理', null, '', '3');
INSERT INTO `tb_menu` VALUES ('3-1-1', '订单列表', null, 'order/order.html', '3-1');
INSERT INTO `tb_menu` VALUES ('3-1-2', '确认收货', null, 'order/order.html', '3-1');
INSERT INTO `tb_menu` VALUES ('3-1-3', '到货提醒', null, 'order/order_message.html', '3-1');
INSERT INTO `tb_menu` VALUES ('3-1-4', '订单设置', null, 'order/order_config.html', '3-1');
INSERT INTO `tb_menu` VALUES ('3-2-1', '退货申请处理', null, 'order/order.html', '3-2');
INSERT INTO `tb_menu` VALUES ('3-2-2', '退款申请处理', null, null, '3-2');
INSERT INTO `tb_menu` VALUES ('3-2-3', '退款原因设置', null, null, '3-2');
INSERT INTO `tb_menu` VALUES ('4', '库存', 'iconStock', null, '0');
INSERT INTO `tb_menu` VALUES ('4-1', '库存记录', null, null, '4');
INSERT INTO `tb_menu` VALUES ('4-1-1', '商品入库', null, null, '4-1');
INSERT INTO `tb_menu` VALUES ('4-1-2', '商品出库', null, null, '4-1');
INSERT INTO `tb_menu` VALUES ('5', '用户', 'iconUser', null, '0');
INSERT INTO `tb_menu` VALUES ('5-1', '用户管理', null, null, '5');
INSERT INTO `tb_menu` VALUES ('5-1-1', '用户列表', null, null, '5-1');
INSERT INTO `tb_menu` VALUES ('5-1-2', '用户等级设置', null, null, '5-1');
INSERT INTO `tb_menu` VALUES ('5-2', '成长值', null, null, '5');
INSERT INTO `tb_menu` VALUES ('5-2-1', '成长值查询', null, null, '5-2');
INSERT INTO `tb_menu` VALUES ('5-2-2', '任务奖励设置', null, null, '5-2');
INSERT INTO `tb_menu` VALUES ('6', '运营', 'iconOperate', null, '0');
INSERT INTO `tb_menu` VALUES ('6-1', '秒杀专区', null, null, '6');
INSERT INTO `tb_menu` VALUES ('6-1-1', '秒杀活动列表', null, null, '6-1');
INSERT INTO `tb_menu` VALUES ('6-1-2', '时间段列表', null, null, '6-1');
INSERT INTO `tb_menu` VALUES ('6-2', '满减专区', null, null, '6');
INSERT INTO `tb_menu` VALUES ('6-2-1', '满减活动列表', null, null, '6-2');
INSERT INTO `tb_menu` VALUES ('6-2-2', '添加满减活动', null, null, '6-2');
INSERT INTO `tb_menu` VALUES ('6-3', '优惠券管理', null, null, '6');
INSERT INTO `tb_menu` VALUES ('6-3-1', '优惠券列表', null, null, '6-3');
INSERT INTO `tb_menu` VALUES ('6-3-2', '添加优惠券', null, null, '6-3');
INSERT INTO `tb_menu` VALUES ('6-3-3', '优惠券查询', null, null, '6-3');
INSERT INTO `tb_menu` VALUES ('6-4', '活动管理', null, null, '6');
INSERT INTO `tb_menu` VALUES ('6-4-1', '活动列表', null, null, '6-4');
INSERT INTO `tb_menu` VALUES ('6-4-2', '添加活动', null, null, '6-4');
INSERT INTO `tb_menu` VALUES ('6-5', '广告管理', null, null, '6');
INSERT INTO `tb_menu` VALUES ('6-5-1', '广告列表', null, null, '6-5');
INSERT INTO `tb_menu` VALUES ('6-5-2', '添加广告', null, null, '6-5');
INSERT INTO `tb_menu` VALUES ('7', '统计', 'iconContent', null, '0');
INSERT INTO `tb_menu` VALUES ('7-1', '统计分析', null, null, '7');
INSERT INTO `tb_menu` VALUES ('7-1-1', '交易统计', null, null, '7-1');
INSERT INTO `tb_menu` VALUES ('7-1-2', '流量统计', null, null, '7-1');
INSERT INTO `tb_menu` VALUES ('7-1-3', '商品统计', null, null, '7-1');
INSERT INTO `tb_menu` VALUES ('7-1-4', '会员统计', null, null, '7-1');
INSERT INTO `tb_menu` VALUES ('7-1-5', '搜索统计', null, null, '7-1');
INSERT INTO `tb_menu` VALUES ('8', '财务', 'iconStatistics', null, '0');
INSERT INTO `tb_menu` VALUES ('8-1', '财务报表', null, null, '8');
INSERT INTO `tb_menu` VALUES ('8-1-1', '综合统计', null, null, '8-1');
INSERT INTO `tb_menu` VALUES ('8-1-2', '销售统计', null, null, '8-1');
INSERT INTO `tb_menu` VALUES ('8-2', '对账管理', null, null, '8');
INSERT INTO `tb_menu` VALUES ('8-2-1', '对账列表', null, null, '8-2');
INSERT INTO `tb_menu` VALUES ('9', '设置', 'iconSeting', null, '0');
INSERT INTO `tb_menu` VALUES ('9-1', '平台设置', null, null, '9');
INSERT INTO `tb_menu` VALUES ('9-1-1', '平台信息', null, null, '9-1');
INSERT INTO `tb_menu` VALUES ('9-1-2', '基本设置', null, null, '9-1');
INSERT INTO `tb_menu` VALUES ('9-1-3', '消息提醒', null, null, '9-1');
INSERT INTO `tb_menu` VALUES ('9-1-4', '验证码设置', null, null, '9-1');
INSERT INTO `tb_menu` VALUES ('9-2', '支付配送', null, null, '9');
INSERT INTO `tb_menu` VALUES ('9-2-1', '运费模板', null, null, '9-2');
INSERT INTO `tb_menu` VALUES ('9-2-2', '物流公司', null, null, '9-2');
INSERT INTO `tb_menu` VALUES ('9-2-3', '支付设置', null, null, '9-2');
INSERT INTO `tb_menu` VALUES ('9-2-4', '区域管理', null, null, '9-2');
INSERT INTO `tb_menu` VALUES ('9-3', '权限管理', null, null, '9');
INSERT INTO `tb_menu` VALUES ('9-3-1', '角色管理', null, null, '9-3');
INSERT INTO `tb_menu` VALUES ('9-3-2', '成员管理', null, null, '9-3');
INSERT INTO `tb_menu` VALUES ('9-3-3', '操作日志', null, null, '9-3');

-- ----------------------------
-- Table structure for tb_resource
-- ----------------------------
DROP TABLE IF EXISTS `tb_resource`;
CREATE TABLE `tb_resource` (
  `id` int(11) NOT NULL AUTO_INCREMENT,
  `res_key` varchar(50) DEFAULT NULL,
  `res_name` varchar(50) DEFAULT NULL,
  `parent_id` int(11) DEFAULT NULL,
  PRIMARY KEY (`id`)
) ENGINE=InnoDB AUTO_INCREMENT=15 DEFAULT CHARSET=utf8;

-- ----------------------------
-- Records of tb_resource
-- ----------------------------
INSERT INTO `tb_resource` VALUES ('1', 'goods', '商品', '0');
INSERT INTO `tb_resource` VALUES ('2', 'orders', '订单', '0');
INSERT INTO `tb_resource` VALUES ('3', 'stock', '库存', '0');
INSERT INTO `tb_resource` VALUES ('4', 'user', '用户', '0');
INSERT INTO `tb_resource` VALUES ('5', 'business', '运营', '0');
INSERT INTO `tb_resource` VALUES ('6', 'report', '统计', '0');
INSERT INTO `tb_resource` VALUES ('7', 'config', '设置', '0');
INSERT INTO `tb_resource` VALUES ('8', 'goods_add', '商品添加', '1');
INSERT INTO `tb_resource` VALUES ('9', 'goods_edit', '商品修改', '1');
INSERT INTO `tb_resource` VALUES ('10', 'goods_delete', '商品删除', '1');
INSERT INTO `tb_resource` VALUES ('11', 'goods_examine', '商品审核', '1');
INSERT INTO `tb_resource` VALUES ('12', 'goods_restore', '商品恢复', '1');
INSERT INTO `tb_resource` VALUES ('13', 'goods_real_delete', '商品物理删除', '1');
INSERT INTO `tb_resource` VALUES ('14', 'brand', '品牌管理', '1');

-- ----------------------------
-- Table structure for tb_resource_menu
-- ----------------------------
DROP TABLE IF EXISTS `tb_resource_menu`;
CREATE TABLE `tb_resource_menu` (
  `resource_id` int(11) NOT NULL,
  `menu_id` varchar(10) NOT NULL,
  PRIMARY KEY (`resource_id`,`menu_id`)
) ENGINE=InnoDB DEFAULT CHARSET=utf8;

-- ----------------------------
-- Records of tb_resource_menu
-- ----------------------------
INSERT INTO `tb_resource_menu` VALUES ('8', '2-1-2');
INSERT INTO `tb_resource_menu` VALUES ('9', '2-1-1');
INSERT INTO `tb_resource_menu` VALUES ('10', '2-1-1');

-- ----------------------------
-- Table structure for tb_role
-- ----------------------------
DROP TABLE IF EXISTS `tb_role`;
CREATE TABLE `tb_role` (
  `id` int(11) NOT NULL AUTO_INCREMENT COMMENT 'ID',
  `name` varchar(20) DEFAULT NULL COMMENT '角色名称',
  PRIMARY KEY (`id`)
) ENGINE=InnoDB AUTO_INCREMENT=4 DEFAULT CHARSET=utf8;

-- ----------------------------
-- Records of tb_role
-- ----------------------------
INSERT INTO `tb_role` VALUES ('1', '超级管理员');
INSERT INTO `tb_role` VALUES ('2', '客服');
INSERT INTO `tb_role` VALUES ('3', '商品管理员');

-- ----------------------------
-- Table structure for tb_role_resource
-- ----------------------------
DROP TABLE IF EXISTS `tb_role_resource`;
CREATE TABLE `tb_role_resource` (
  `role_id` int(11) NOT NULL,
  `resource_id` int(11) NOT NULL,
  PRIMARY KEY (`role_id`,`resource_id`)
) ENGINE=InnoDB DEFAULT CHARSET=utf8;

-- ----------------------------
-- Records of tb_role_resource
-- ----------------------------
INSERT INTO `tb_role_resource` VALUES ('2', '8');
INSERT INTO `tb_role_resource` VALUES ('3', '8');
INSERT INTO `tb_role_resource` VALUES ('3', '9');
INSERT INTO `tb_role_resource` VALUES ('3', '10');
INSERT INTO `tb_role_resource` VALUES ('3', '14');
